{
  "b1_zeroshot": {
    "fitness": -0.09158229382961913,
    "genome": {
      "p_id": 0,
      "w_s": 0.3333333333333333,
      "w_e": 0.3333333333333333,
      "w_c": 0.3333333333333333,
      "memory_window": 256,
      "theta_mid": 0.7,
      "theta_high": 0.95,
      "gamma": 0.0,
      "history_turns": 4
    }
  },
  "b2_fixed_gbal": {
    "fitness": 0.5467094039278146,
    "genome": {
      "p_id": 1,
      "w_s": 0.33,
      "w_e": 0.33,
      "w_c": 0.34,
      "memory_window": 512,
      "theta_mid": 0.55,
      "theta_high": 0.8,
      "gamma": 0.1,
      "history_turns": 12
    }
  },
  "b3_random": {
    "mean": 0.36613543870587073,
    "std": 0.10462990322778418,
    "individual_runs": [
      0.27290046864506873,
      0.3076435814505194,
      0.27228803226321063,
      0.44613039274714594,
      0.531714718423409
    ]
  },
  "b4_ga_optimised_seed7": {
    "fitness": 0.7041449171077505,
    "genome": {
      "p_id": 2,
      "w_s": 0.1672660319418102,
      "w_e": 0.1141893037597949,
      "w_c": 0.7185446642983949,
      "memory_window": 768,
      "theta_mid": 0.5884272620206858,
      "theta_high": 0.8219629738415386,
      "gamma": 0.1757660431144135,
      "history_turns": 24
    }
  },
  "b4_ga_optimised_5seed_mean": 0.7047,
  "b4_ga_optimised_5seed_std": 0.0007
}