{
    "best": [
        0.6764182411674349,
        0.6797478302611368,
        0.6823592549923195,
        0.6819507872503842,
        0.6821213325652842,
        0.6798805683563749,
        0.6810847926267282,
        0.6822860407066053,
        0.678726286482335,
        0.680472177419355,
        0.6823010752688173,
        0.6794409178187405,
        0.6792920122887866,
        0.6826085445468512,
        0.6797926843317973,
        0.6803472158218127,
        0.6825674347158218,
        0.6830258640552997,
        0.6780855030721967,
        0.6806186059907835
    ],
    "avg": [
        0.4732246253840246,
        0.5614625906298004,
        0.6227635622119816,
        0.5959865349462367,
        0.5898960779569894,
        0.5652676983486944,
        0.6025285449308757,
        0.6062891201996928,
        0.5922108734639019,
        0.5756413342933948,
        0.6362734429723503,
        0.5724891319124424,
        0.601393914170507,
        0.6258121758832565,
        0.593661257296467,
        0.6195023321812596,
        0.6298919471966206,
        0.5656713258448542,
        0.6007277860983105,
        0.6170509500768051
    ],
    "var": [
        0.09859508985345464,
        0.0614191589466517,
        0.029340670317553733,
        0.0490714434646565,
        0.05606235614990233,
        0.07445975308788609,
        0.049075916479362734,
        0.04355775059332127,
        0.0560630471269191,
        0.06867371169487595,
        0.015544738479552815,
        0.06881188856305508,
        0.049723678788231175,
        0.02904924870851417,
        0.0566150691719983,
        0.03605345521565706,
        0.029580565984324358,
        0.0744455918288388,
        0.049605009290877675,
        0.03611961426707837
    ]
}