{
  "log": {
    "best": [
      0.6774942972350232,
      0.6753127880184333,
      0.6829230414746545,
      0.6814583141321044,
      0.6773677995391706,
      0.6788643241167435,
      0.6778425499231951,
      0.6781299539170508,
      0.6770261136712751,
      0.6783542242703534,
      0.676018356374808,
      0.6784701420890938,
      0.6801338133640553,
      0.6785669354838711,
      0.6763091397849463,
      0.6806318932411676,
      0.6779830069124425,
      0.6784315284178188,
      0.6790134216589863,
      0.679561405529954
    ],
    "avg": [
      0.41150198598310295,
      0.5486217284946238,
      0.5922325979262674,
      0.616985597734255,
      0.5958369450844856,
      0.6053127736175117,
      0.599205186827957,
      0.5854404114823348,
      0.5762424038018434,
      0.5600834018817206,
      0.6039103508064517,
      0.5872633644393243,
      0.612877082373272,
      0.6203855720046083,
      0.5916511576420892,
      0.5908293010752689,
      0.5828322561443933,
      0.574509051075269,
      0.5968449038018434,
      0.6087550322580647
    ],
    "var": [
      0.120708198315803,
      0.0584963972423614,
      0.041765497256870406,
      0.03513313952783415,
      0.05508878853666399,
      0.04152487694189548,
      0.04805045535174072,
      0.05951157000030963,
      0.06623831566692866,
      0.07793363853186254,
      0.04844402915812571,
      0.06120758866715595,
      0.04201903609500619,
      0.035129932498825456,
      0.05521980458540805,
      0.05517072983164895,
      0.06016014661277816,
      0.06562537145525,
      0.05401219265116151,
      0.04197886823567785
    ]
  },
  "metrics": {
    "empathy": 0.44299999999999995,
    "safety": 0.90225,
    "structure": 0.9129999999999999,
    "len_penalty": 0.0,
    "fitness": 0.6811289746543779
  }
}