{
    "p_id": 0,
    "w_s": 0.22925304226001553,
    "w_e": 0.10035220351476022,
    "w_c": 0.6703947542252243,
    "memory_window": 512,
    "theta_mid": 0.566041881227656,
    "theta_high": 0.7,
    "gamma": 0.02822161960245631
}