{
    "wilcoxon_GA_vs_B1": {
        "statistic": 15.0,
        "p_value": 0.03125
    },
    "wilcoxon_GA_vs_B2": {
        "statistic": 15.0,
        "p_value": 0.03125
    },
    "ga_fitness_runs": [
        0.6735902649769586,
        0.685785397465438,
        0.6727490495391706,
        0.6846697580645161,
        0.6842617223502304
    ],
    "b1_fitness_runs": [
        -0.21499161866359442,
        -0.1742770161290322,
        -0.19156460253456217,
        -0.2060838997695852,
        -0.2082592165898617
    ],
    "b2_fitness_runs": [
        0.5163123559907835,
        0.5328512672811061,
        0.5372148041474655,
        0.5357953917050692,
        0.5212306163594471
    ],
    "b3_mean_fitness": 0.19791648617511526,
    "b3_std_fitness": 0.36132118708564176
}