{
    "wilcoxon_GA_vs_B1": {
        "statistic": 15.0,
        "p_value": 0.03125
    },
    "wilcoxon_GA_vs_B2": {
        "statistic": 15.0,
        "p_value": 0.03125
    },
    "ga_fitness_runs": [
        0.6793048675115207,
        0.6850418490783412,
        0.6813418490783412,
        0.683294729262673,
        0.6775030529953918
    ],
    "b1_fitness_runs": [
        -0.20636077188940086,
        -0.16197001728110594,
        -0.17544020737327184,
        -0.1896633352534562,
        -0.19376345046082946
    ],
    "b2_fitness_runs": [
        0.5180736463133642,
        0.5355427131336407,
        0.5439442396313364,
        0.5417805299539171,
        0.5282090437788018
    ],
    "b3_mean_fitness": 0.20719842165898622,
    "b3_std_fitness": 0.3567923497667499
}