{
  "best": [
    0.7034976119906458,
    0.7015364998523131,
    0.7049358044662163,
    0.7050833895728211,
    0.7052458010917494,
    0.7056731001293731,
    0.7058310690369699,
    0.7061041121046934,
    0.7062244309942599,
    0.7054391115421265,
    0.7056915631608749,
    0.706737517751828,
    0.7059014789581367,
    0.7062813090127538,
    0.7065431785864067,
    0.7072721819805077,
    0.7063322047612506,
    0.7056246600396479,
    0.7057100556510135,
    0.705914152769407
  ],
  "avg": [
    0.47348601395519213,
    0.5709249536611157,
    0.5959559493891181,
    0.6279208150268272,
    0.6568791048616198,
    0.6837333408585218,
    0.6861348231711893,
    0.6868001342084713,
    0.6866535662046671,
    0.6918155461272442,
    0.6865999069992005,
    0.6933148009845839,
    0.6906747377717665,
    0.6921286485870369,
    0.684804636186352,
    0.6801156743070886,
    0.6856307487972638,
    0.6890878142919413,
    0.6854077110735486,
    0.6828982127360146
  ],
  "var": [
    0.016642836013853756,
    0.003805122414855458,
    0.005543799347003969,
    0.004228291114003961,
    0.003551800609334811,
    0.0012575496255827364,
    0.0012522708595443155,
    0.0012859189499320946,
    0.001521934456960089,
    0.0011721618045917807,
    0.001317788162248667,
    0.0006697227873650454,
    0.0014404712930447228,
    0.0009560304076717995,
    0.0016379205008756161,
    0.002160874369458659,
    0.0015807779261905988,
    0.001237752616561356,
    0.0013853445984515294,
    0.0015142117909929342
  ]
}