{
  "best": [
    0.7036461366157738,
    0.7089552603035242,
    0.7105812640539348,
    0.7088699460786168,
    0.7103309153241323,
    0.7102755373199334,
    0.7107654138601021,
    0.7095555506378116,
    0.710077973545647,
    0.7099842311055423,
    0.7103560882117554,
    0.7107199785558032,
    0.7103966301662266,
    0.7105327635213623,
    0.7102252950751595,
    0.7105298254381229,
    0.7103987914721978,
    0.7103165548526033,
    0.7108974851474755,
    0.7101832422435091
  ],
  "avg": [
    0.47829903770422527,
    0.5597974008361253,
    0.6090797416283078,
    0.6458840085635515,
    0.6765932919426899,
    0.6859723022794405,
    0.6936298415710798,
    0.6912102863945789,
    0.6960969876228457,
    0.6799809913146357,
    0.6883620032369366,
    0.6915734742086369,
    0.6906171071264791,
    0.6935630865110269,
    0.696080724801689,
    0.6957561072941799,
    0.6902159921121523,
    0.6919775559463216,
    0.6926502127869584,
    0.6911117560629034
  ],
  "var": [
    0.0152258051952632,
    0.008221585022369231,
    0.004303740255689148,
    0.0031177684045332788,
    0.002406591884200206,
    0.0012608643144306545,
    0.0012841033108538938,
    0.001279460220428858,
    0.0007936976998821466,
    0.002087708694505599,
    0.0014097003220769956,
    0.0012251049385387299,
    0.0012626700127070826,
    0.0009651217843074552,
    0.0007836636711303788,
    0.0009096605746586242,
    0.001126506166530434,
    0.001251050084230883,
    0.0009647292453514786,
    0.0010479639684142484
  ]
}