{
  "p_id": 1,
  "w_s": 0.09999992407701522,
  "w_e": 0.15417089798112188,
  "w_c": 0.745829177941863,
  "memory_window": 768,
  "theta_mid": 0.5733410030568561,
  "theta_high": 0.7820610969971451,
  "gamma": 0.2,
  "history_turns": 24
}