{
  "p_id": 1,
  "w_s": 0.2198683407097776,
  "w_e": 0.09407304840707996,
  "w_c": 0.6860586108831425,
  "memory_window": 768,
  "theta_mid": 0.5542775618086885,
  "theta_high": 0.9220410371170326,
  "gamma": 0.12249719117601592,
  "history_turns": 20
}