{
  "p_id": 2,
  "w_s": 0.11034932654843653,
  "w_e": 0.19233750956044648,
  "w_c": 0.697313163891117,
  "memory_window": 768,
  "theta_mid": 0.445501687788333,
  "theta_high": 0.7963178166512566,
  "gamma": 0.1872960863862248,
  "history_turns": 24
}