{
  "p_id": 1,
  "w_s": 0.09273284987614726,
  "w_e": 0.18084165326547033,
  "w_c": 0.7264254968583823,
  "memory_window": 1024,
  "theta_mid": 0.5071111201677169,
  "theta_high": 0.9229286570046308,
  "gamma": 0.12971561763213063,
  "history_turns": 20
}