{
  "best": [
    0.7090669886521033,
    0.7145915724604606,
    0.7161762710955202,
    0.7152948050775179,
    0.7154525450194488,
    0.7162920473063392,
    0.7158141260111264,
    0.7154577672339077,
    0.716150030919203,
    0.7155796154863336,
    0.7161716832825865,
    0.7154981426712319,
    0.7165134507252334,
    0.715469418789509,
    0.7161574842669239,
    0.7164489344760786,
    0.7158409792630813,
    0.7159209819996157,
    0.7155832364983203,
    0.7154236927715706
  ],
  "avg": [
    0.4924484666014458,
    0.5736033365003276,
    0.6113021808850841,
    0.6331801968624003,
    0.6717804398233967,
    0.6819208616677318,
    0.6939503208497387,
    0.7000387666244428,
    0.6981984784555004,
    0.6968828255223761,
    0.6980097009657659,
    0.6938712174965914,
    0.7001687022337445,
    0.6957623638863764,
    0.7040084212929284,
    0.696066270421531,
    0.6962319271621314,
    0.700153994291863,
    0.7004420090468764,
    0.7015221346004137
  ],
  "var": [
    0.015689379922453565,
    0.008195381143618796,
    0.0037733945789031813,
    0.004778839207500943,
    0.003390569127553747,
    0.0019069938375136902,
    0.0013938679224692401,
    0.0010460933702434456,
    0.001375284878096829,
    0.0012610333178182784,
    0.0011953446868274446,
    0.0013689577908477229,
    0.0008740690037990163,
    0.0012935496535232153,
    0.0009240239570385897,
    0.001675651426803653,
    0.001304999375997708,
    0.001274193979040974,
    0.001069583402641864,
    0.0011384803467201494
  ]
}