{
  "best": [
    0.6928113818678336,
    0.6946941049407002,
    0.6976711445699596,
    0.6991638119419942,
    0.698282646738678,
    0.6990779517170352,
    0.6998894200296952,
    0.6986773798982362,
    0.6988190460280225,
    0.6987036817766794,
    0.6987008983934013,
    0.6999655216750523,
    0.6992134296386112,
    0.6986836477612356,
    0.6994611857508,
    0.7000242774966435,
    0.70031629810529,
    0.7000041063771666,
    0.6985792576024837,
    0.6992610833376212
  ],
  "avg": [
    0.464445113499653,
    0.5576065713928108,
    0.6091817120578369,
    0.6309408753616232,
    0.6487801747372497,
    0.670668595364771,
    0.6842580633686327,
    0.6770070352058295,
    0.6790425100909694,
    0.6781241140162915,
    0.6710441659738128,
    0.6750722871051111,
    0.6727240244076007,
    0.6765321091154124,
    0.6826436050422315,
    0.6834396865820714,
    0.6851235958772716,
    0.67907632697347,
    0.6749361736925864,
    0.6893050351602983
  ],
  "var": [
    0.01532142251216438,
    0.007819673904565488,
    0.004132408846298006,
    0.0047365832449467096,
    0.0038190661587056023,
    0.002118238873596829,
    0.000886709978977935,
    0.0015473191548481433,
    0.001641274406299391,
    0.0017113189869265133,
    0.002275144366040644,
    0.0018278944515792202,
    0.0019480408541060724,
    0.0016136276585301515,
    0.0010619739300910809,
    0.0010121227590391452,
    0.0009283045428504716,
    0.0012782480245002044,
    0.001963288019060341,
    0.0005348186340683902
  ]
}