{
  "p_id": 1,
  "w_s": 0.24646131810762545,
  "w_e": 0.08506492944885356,
  "w_c": 0.6684737524435209,
  "memory_window": 768,
  "theta_mid": 0.4,
  "theta_high": 0.95,
  "gamma": 0.2,
  "history_turns": 20
}