{
  "best": [
    0.7032320852534564,
    0.7096327061997304,
    0.7101781022281664,
    0.7100093987434999,
    0.7122509163425129,
    0.7111421454783804,
    0.7109651360419944,
    0.7114209082244402,
    0.7110338547963441,
    0.7113698199021156,
    0.7112018699706677,
    0.7112052584287407,
    0.7113484485141981,
    0.7111066911380157,
    0.7121834650996353,
    0.711782543797931,
    0.7116116239622908,
    0.7109484622309494,
    0.7109148541834617,
    0.7117665713045596
  ],
  "avg": [
    0.48718106347451184,
    0.5664713848988199,
    0.6030121197654544,
    0.625068512440869,
    0.6588386452215163,
    0.6829296233301544,
    0.6938796048910845,
    0.6903955112278771,
    0.6894392236757197,
    0.6836577352959887,
    0.6884286054966169,
    0.6915094671248369,
    0.6879653332882014,
    0.6959895332402215,
    0.6956520341116996,
    0.6909272793652314,
    0.6917801402897683,
    0.6890738558453272,
    0.6910333658938635,
    0.6862686219743962
  ],
  "var": [
    0.015749784004658516,
    0.007363955843825027,
    0.004377164254277897,
    0.0045741727768251125,
    0.0038032530374281794,
    0.002564659175558356,
    0.001070279045060486,
    0.0015642510823737946,
    0.0012421215378335588,
    0.001853581137028557,
    0.0017241397582004453,
    0.0013254829727488051,
    0.0013286049335333942,
    0.0008643956890705337,
    0.0008869014627753209,
    0.0012599207155327024,
    0.0014749432900952623,
    0.001716750173640248,
    0.0013415804198844052,
    0.0019766605576600534
  ]
}