{
  "p_id": 0,
  "w_s": 0.11832996231140554,
  "w_e": 0.1171303380138776,
  "w_c": 0.7645396996747168,
  "memory_window": 512,
  "theta_mid": 0.6542559623783418,
  "theta_high": 0.8174528278546909,
  "gamma": 0.10070052673593591,
  "history_turns": 16
}