{
  "p_id": 0,
  "w_s": 0.15988316597867416,
  "w_e": 0.09096976976871464,
  "w_c": 0.7491470642526111,
  "memory_window": 768,
  "theta_mid": 0.591600196510716,
  "theta_high": 0.7326711051565818,
  "gamma": 0.1913143346453125,
  "history_turns": 24
}