{
  "best": [
    0.6991105414746545,
    0.7026685027841783,
    0.7043942172010731,
    0.704959437891884,
    0.7058033330791041,
    0.7056255973179151,
    0.7065517918704245,
    0.7063459529607323,
    0.7071190592370188,
    0.7068150956544204,
    0.706999886545246,
    0.7061748112693332,
    0.7067189878646807,
    0.7063502921787911,
    0.7071126098148587,
    0.7059282706677178,
    0.7057048606656608,
    0.7060501203571264,
    0.7063390751674774,
    0.7070060010216993
  ],
  "avg": [
    0.46166379885030007,
    0.538932041667578,
    0.5732077250510964,
    0.6031940246487816,
    0.6330696573178214,
    0.6621704448901535,
    0.6893323250724886,
    0.6954633002443757,
    0.6927727774720558,
    0.6895487059917947,
    0.6866428160542304,
    0.6909175468767397,
    0.6935192473798846,
    0.6863116906972703,
    0.6878418152290314,
    0.6763293982469536,
    0.686853849175104,
    0.6878922152660973,
    0.6889577688791775,
    0.686477396258518
  ],
  "var": [
    0.014198268387082274,
    0.008460145777943228,
    0.007309526639577061,
    0.005766194079856859,
    0.004184155559756794,
    0.0030985078814092814,
    0.0009014870121187087,
    0.0007581549384387558,
    0.0008037449807047998,
    0.001348935669478633,
    0.0015431862842483115,
    0.0009200075184749321,
    0.0009307484340595359,
    0.001355538849239194,
    0.0012561226456680736,
    0.0021521259425953407,
    0.0013057153665527322,
    0.001628255725973093,
    0.0012469611200668237,
    0.001158397736996143
  ]
}