{
  "p_id": 2,
  "w_s": 0.11961821796237447,
  "w_e": 0.10805923869760248,
  "w_c": 0.772322543340023,
  "memory_window": 768,
  "theta_mid": 0.7,
  "theta_high": 0.7256865238702939,
  "gamma": 0.17410790495142475,
  "history_turns": 24
}