{
  "p_id": 1,
  "w_s": 0.08469566959602523,
  "w_e": 0.08469566959602523,
  "w_c": 0.8306086608079496,
  "memory_window": 1024,
  "theta_mid": 0.6588071174524335,
  "theta_high": 0.7,
  "gamma": 0.1149189778507292,
  "history_turns": 24
}