{
  "best": [
    0.6879461069508449,
    0.6954942685265346,
    0.697387520187879,
    0.6977347577365831,
    0.6989355710600437,
    0.6993153164681796,
    0.6994314169476371,
    0.6999190905645848,
    0.6994410818411885,
    0.6984236027528925,
    0.6991602017286127,
    0.6997742406801178,
    0.6996322260691937,
    0.6988131357874495,
    0.699787722575265,
    0.6989680884902054,
    0.6993471637117133,
    0.6989680196419782,
    0.698952755615321,
    0.6990314937074558
  ],
  "avg": [
    0.44941093311204783,
    0.5383254850136859,
    0.5791497976440619,
    0.6167476709455033,
    0.6627692197107742,
    0.6764225087568855,
    0.6834147394307887,
    0.6815067562686827,
    0.675011942952336,
    0.6830976921125317,
    0.682038407213367,
    0.6825114483177124,
    0.674892805598486,
    0.6829335082007723,
    0.6790798786479881,
    0.6823592181065733,
    0.6801697952232515,
    0.6712269837931322,
    0.6855323509660589,
    0.6830813473569095
  ],
  "var": [
    0.01402522552349983,
    0.008791816166289164,
    0.006142113906223089,
    0.005507534673166911,
    0.0029727217847857344,
    0.0014376882153601508,
    0.001113630515088314,
    0.0013261410037839593,
    0.0019199717531052354,
    0.0010531786001503243,
    0.0014536825763888173,
    0.0011031472276365232,
    0.0017722723597106247,
    0.0009983542849820214,
    0.0013027827104782808,
    0.001067274079401566,
    0.0015102854056914567,
    0.002153745681493573,
    0.0007959784824617613,
    0.0011760647292144509
  ]
}