{
  "p_id": 2,
  "w_s": 0.1672660319418102,
  "w_e": 0.1141893037597949,
  "w_c": 0.7185446642983949,
  "memory_window": 768,
  "theta_mid": 0.5884272620206858,
  "theta_high": 0.8219629738415386,
  "gamma": 0.1757660431144135,
  "history_turns": 24
}