{
  "best": [
    0.7021332616157838,
    0.7019401246644822,
    0.7036260555164643,
    0.7024959878631859,
    0.7040385005472719,
    0.7042000964722283,
    0.7044960495745454,
    0.7045058401448984,
    0.7062927535393032,
    0.7041686115433242,
    0.7053490883475778,
    0.7039859210605346,
    0.7043593726264468,
    0.703814910778839,
    0.7051580365327598,
    0.7069558202470511,
    0.7039986188472787,
    0.703942377949878,
    0.7039755812371803,
    0.7042285542324649
  ],
  "avg": [
    0.45809683195732054,
    0.5233133390900415,
    0.5901485226381697,
    0.6087472108682485,
    0.6316889008375979,
    0.6608470896438124,
    0.677576305611733,
    0.6774141570136432,
    0.6886266034858239,
    0.6904502155086663,
    0.6832395480991571,
    0.6817788001212597,
    0.6890748502900935,
    0.6953489417263444,
    0.6940748898256074,
    0.6914965841773869,
    0.6777278251524078,
    0.690159022187872,
    0.6804864906739619,
    0.6808737294967062
  ],
  "var": [
    0.017779060888408756,
    0.01049486547120295,
    0.0060734593779737086,
    0.006384930056114302,
    0.004413879322284595,
    0.0032549104453915025,
    0.0015881397471442754,
    0.001484096472088642,
    0.000906081173741254,
    0.0007388091933775386,
    0.0012163888194847235,
    0.0016789546776187548,
    0.0008801147374595997,
    0.0005089262296521551,
    0.00045107364175271306,
    0.0007583120294080706,
    0.001873320815212905,
    0.0007336803109393124,
    0.0017404176927816677,
    0.0016372629527176721
  ]
}