{
  "best": [
    0.704767082789718,
    0.7027933720850772,
    0.706174567379984,
    0.7063088424081974,
    0.7075231313139767,
    0.7065395999604909,
    0.7070196425643918,
    0.7076406853795421,
    0.7076626139302487,
    0.7075091239971094,
    0.7072861885121379,
    0.7077372655669467,
    0.7073033224592709,
    0.7074006393998081,
    0.7078108788509718,
    0.7078742094459881,
    0.7070198779370965,
    0.7078649248637094,
    0.7072907725219822,
    0.7076997485164925
  ],
  "avg": [
    0.4743692788916683,
    0.5718998298126019,
    0.5969096029172072,
    0.6274459671646331,
    0.6616374475533139,
    0.6848794471980659,
    0.6859924126279102,
    0.6957056183506949,
    0.6890017719487461,
    0.6911756280066639,
    0.6879301412412346,
    0.6886609284249866,
    0.6922521067880829,
    0.6878695521279135,
    0.6902161730923028,
    0.695229772133173,
    0.6932354645082459,
    0.6869918085625231,
    0.6849733837652013,
    0.6883345778226722
  ],
  "var": [
    0.016651531084045393,
    0.0038047286178570392,
    0.005545999764035632,
    0.004416211850094485,
    0.0042557980013870934,
    0.0018244600472471515,
    0.0018948449658439841,
    0.0006473332265777363,
    0.001213422015078361,
    0.0010837854444294287,
    0.0014532504772976887,
    0.001245802920919475,
    0.0010441138995507544,
    0.0011211866823348346,
    0.0009380288567248028,
    0.00081078594104515,
    0.0008237648785374523,
    0.00118130024951223,
    0.0014582550118381937,
    0.0012935445413774355
  ]
}