{
  "p_id": 2,
  "w_s": 0.2179200048179599,
  "w_e": 0.1038902746997909,
  "w_c": 0.6781897204822491,
  "memory_window": 768,
  "theta_mid": 0.6397621776504364,
  "theta_high": 0.9392162695534417,
  "gamma": 0.13919561716038853,
  "history_turns": 24
}