{
  "best": [
    0.7076644417307741,
    0.7079773751846014,
    0.7087060836889987,
    0.7084515638141299,
    0.7098363023809482,
    0.7102702854937565,
    0.7091720471641189,
    0.70983553948153,
    0.7098980789439588,
    0.709360805381468,
    0.7091304319253722,
    0.7090915185790659,
    0.7092780156486453,
    0.7088150391179748,
    0.7088406526324312,
    0.7089532576789944,
    0.7104109344493225,
    0.7094283249667297,
    0.7094217049909365,
    0.7099057590823209
  ],
  "avg": [
    0.498797484938557,
    0.5752971757662833,
    0.6212059677236244,
    0.6441921292197823,
    0.6764921433444046,
    0.679817484939829,
    0.6885079467598924,
    0.6949363115227106,
    0.6895928229232275,
    0.695071456523519,
    0.6911689187114254,
    0.6957787521728818,
    0.6939494468996322,
    0.6939962863880461,
    0.6875016357664314,
    0.691967670547744,
    0.6879976191256226,
    0.6968170571957057,
    0.6888160642982907,
    0.6915865705487889
  ],
  "var": [
    0.013690018889544228,
    0.005075298188393704,
    0.0036972014128218485,
    0.0036852536530202233,
    0.0022350219432410003,
    0.0022529025260786505,
    0.0014935168405742147,
    0.000749762890219901,
    0.0012667072221435067,
    0.0008799452025907306,
    0.001177330564181143,
    0.0007234010608888385,
    0.0008548618740133768,
    0.0012133919668258217,
    0.001229009067486128,
    0.0011973393550101887,
    0.0014381110220881624,
    0.000672366397263282,
    0.0012883488536018545,
    0.0011983643007903834
  ]
}