{
  "best": [
    0.7112867707177425,
    0.7116757461256521,
    0.7131750207625999,
    0.7129800293158689,
    0.713908889855753,
    0.7136598229424493,
    0.7133097901476531,
    0.7131012168291011,
    0.7146837256382944,
    0.7142558814117485,
    0.7140721226768875,
    0.7136759132802148,
    0.7138670093565052,
    0.7146883856753156,
    0.7143678233225725,
    0.7136022080763744,
    0.7137212038242322,
    0.7129146419389624,
    0.7130234048833354,
    0.7139690451882296
  ],
  "avg": [
    0.4853960178864741,
    0.5732417558542704,
    0.615635415582733,
    0.6526907379967071,
    0.6699779955043844,
    0.6916779042519116,
    0.6907405178564184,
    0.6902593544652161,
    0.6915399038506393,
    0.6966941520169838,
    0.6982031500552281,
    0.7021428242083787,
    0.6964666922102184,
    0.6995624013563222,
    0.6971401604168893,
    0.6950884577677661,
    0.69554394117581,
    0.6963121606779876,
    0.6943951406524463,
    0.6978697483032482
  ],
  "var": [
    0.016536200494063034,
    0.00693652384599286,
    0.0038610600750167198,
    0.003347857405636269,
    0.0029651475422027875,
    0.001910957192652122,
    0.001210675001766028,
    0.0018166673547966405,
    0.0013780799501032692,
    0.0011248490045110608,
    0.0012290615295458649,
    0.0007903803757041138,
    0.0009091142788779201,
    0.0007894308597364784,
    0.0011589894560305794,
    0.001098750738985079,
    0.0009398777326492594,
    0.001125541411914848,
    0.001268221514447531,
    0.0011174978064747772
  ]
}