{
  "p_id": 1,
  "w_s": 0.10273081924577374,
  "w_e": 0.11703511053315996,
  "w_c": 0.7802340702210663,
  "memory_window": 768,
  "theta_mid": 0.55,
  "theta_high": 0.7487869251027242,
  "gamma": 0.12,
  "history_turns": 20
}