{
  "best": [
    0.7002232094446812,
    0.703195540945279,
    0.7021362944397264,
    0.7024339615358222,
    0.7024155236357151,
    0.7038677689730034,
    0.7029980510966473,
    0.7028264790379205,
    0.7031507375682434,
    0.7032354784317717,
    0.7023058581736806,
    0.7035120118395322,
    0.7032329010268918,
    0.7027290155038622,
    0.7032321679359138,
    0.703336830713317,
    0.7027390539210802,
    0.7025096624731303,
    0.7027833038136755,
    0.702479662062741
  ],
  "avg": [
    0.4905418092916534,
    0.5697272566762441,
    0.6143584317756713,
    0.649281553171395,
    0.6626550567298934,
    0.6841096556424398,
    0.6726625999861622,
    0.6801323213950439,
    0.6833469339780343,
    0.6824202451532548,
    0.6842044152442859,
    0.6832609853446631,
    0.6773328603668021,
    0.6802113775172788,
    0.6922406016904935,
    0.6889419490631857,
    0.6864012236319502,
    0.688350143870271,
    0.6845441886660723,
    0.6864903430294953
  ],
  "var": [
    0.01363166922566646,
    0.008875004645153627,
    0.005393500147499071,
    0.0037699798499898,
    0.0032081460550804452,
    0.0013578288674595206,
    0.002112568349061026,
    0.0017460544777713907,
    0.0013152046079098882,
    0.0016183389033583514,
    0.0011523180269072484,
    0.0016225745574652293,
    0.0019094647937058537,
    0.0017916403818105733,
    0.0007770112615951619,
    0.0008899312033100065,
    0.0013994703479937737,
    0.0008670187480702774,
    0.001249049080062583,
    0.0013592156120468004
  ]
}