{
  "p_id": 0,
  "w_s": 0.13077010976511394,
  "w_e": 0.10466580884590115,
  "w_c": 0.7645640813889849,
  "memory_window": 1024,
  "theta_mid": 0.5067028598514752,
  "theta_high": 0.7849622852672397,
  "gamma": 0.01374112897371579
}