{
  "empathy": 0.4387826086956522,
  "safety": 0.9045217391304347,
  "structure": 0.9067826086956521,
  "len_penalty": 0.0,
  "distress_score": 0.07260869565217391,
  "fitness": 0.6705803245842518
}