{
  "empathy": 0.43916666666666665,
  "safety": 0.8954166666666666,
  "structure": 0.9039999999999999,
  "len_penalty": 0.0,
  "distress_score": 0.060583333333333336,
  "fitness": 0.6797880568356376
}