{
  "best": [
    0.6945966397849463,
    0.6970435483870969,
    0.6981505184331798,
    0.7003446620583719,
    0.7022228686635945,
    0.7023360791090631,
    0.7056310867895548,
    0.7026897657450079,
    0.7010907642089095,
    0.7020206989247313,
    0.7061269777265746,
    0.703623579109063,
    0.703139420122888,
    0.7092170314900155,
    0.7050125384024578,
    0.7011983678955453,
    0.7043014976958527,
    0.7036522849462367,
    0.7041917050691245,
    0.7036628840245777
  ],
  "avg": [
    0.3676471092549924,
    0.4659283692396315,
    0.5056424610215053,
    0.5581905560675884,
    0.5340625347542245,
    0.5904857853302612,
    0.6057756987327191,
    0.6190781513056838,
    0.6531556904761905,
    0.624785862327189,
    0.6349287993471584,
    0.612667706797235,
    0.6187192148617513,
    0.6257125420506914,
    0.6181838208525346,
    0.651327393625192,
    0.6083212156298005,
    0.6198910178571428,
    0.623718782450077,
    0.6159404723502305
  ],
  "var": [
    0.0798043148993493,
    0.052518770001616526,
    0.05330253349024651,
    0.048429496457551624,
    0.07461380896467608,
    0.05100734007728956,
    0.045200808981048564,
    0.05248495761584498,
    0.02116292835823861,
    0.046468929640762165,
    0.03984322277761096,
    0.05170501695424615,
    0.0528331759752327,
    0.04617195260253653,
    0.05203469476844122,
    0.027363331151929664,
    0.058378014555240804,
    0.05232916858350146,
    0.04548283364362521,
    0.05257702894515548
  ]
}