{
  "best": [
    0.698447311827957,
    0.7002714477726575,
    0.705820602918587,
    0.7075501152073734,
    0.7058403801843318,
    0.7123102342549924,
    0.7068480990783411,
    0.7121060867895547,
    0.707959043778802,
    0.7095553763440862,
    0.7091992895545315,
    0.7097874231950846,
    0.7064441820276499,
    0.7092504224270355,
    0.7055134792626729,
    0.708554301075269,
    0.7086059907834102,
    0.707592569124424,
    0.7094878840245777,
    0.7074441436251921
  ],
  "avg": [
    0.36723738748079887,
    0.4847663634792629,
    0.5356567236943165,
    0.5777289082181261,
    0.6197013913210445,
    0.6055855057603687,
    0.6084621760752689,
    0.679383769201229,
    0.647336201420891,
    0.6339826678187405,
    0.62374690015361,
    0.6031605906298004,
    0.6516462135176653,
    0.5973036434331798,
    0.6266069967357913,
    0.6108105583717358,
    0.6369989548771122,
    0.662325867511521,
    0.6397736731950846,
    0.6266303744239632
  ],
  "var": [
    0.08746380701244853,
    0.05246708285406379,
    0.04896077992604356,
    0.034875453040375176,
    0.029048869143213668,
    0.0560145761296573,
    0.06180771510116968,
    0.008033908072495542,
    0.03597944847450311,
    0.0431792974562393,
    0.04887296611856095,
    0.06864589395428228,
    0.029872037254618306,
    0.06921553729146926,
    0.04977054735668102,
    0.06312538818704741,
    0.04354782288524198,
    0.02313186540643525,
    0.043501914352050655,
    0.04931260179499942
  ]
}