{
  "best": [
    0.6975379032258066,
    0.6914325460829494,
    0.6919092165898618,
    0.7040896889400922,
    0.7092274193548388,
    0.7014417626728111,
    0.699242741935484,
    0.7019229262672811,
    0.7006513248847928,
    0.6984616359447006,
    0.698815841013825,
    0.7048233294930876,
    0.7001483294930877,
    0.7009102534562213,
    0.703409504608295,
    0.7052611175115209,
    0.7006737903225809,
    0.705066129032258,
    0.7018014976958526,
    0.7042163018433181
  ],
  "avg": [
    0.3541475875576037,
    0.5115608894009217,
    0.5241896238479264,
    0.5023400230414747,
    0.5707652229262673,
    0.6180026520737328,
    0.5928945011520739,
    0.6073770760368664,
    0.5830061192396314,
    0.6013295380184333,
    0.6030200702764978,
    0.6113243139400922,
    0.6349150685483872,
    0.6220698052995393,
    0.6246074925115209,
    0.640392716589862,
    0.6238661491935484,
    0.6356087569124426,
    0.6288615771889402,
    0.6265212235023043
  ],
  "var": [
    0.08326643645797305,
    0.029845804952178256,
    0.0538991829324126,
    0.08926295216487405,
    0.056578713960327924,
    0.028455656049554832,
    0.059677339512720834,
    0.05436403757448481,
    0.0641728950868331,
    0.048102352000175645,
    0.051834190763726015,
    0.04749751108798082,
    0.029866110598717594,
    0.041206042247099416,
    0.04142766308059202,
    0.028144436712182936,
    0.04103313192319435,
    0.03473398182383386,
    0.04197245543212721,
    0.04162716603826932
  ]
}