{
  "best": [
    0.679593221966206,
    0.6831731758832567,
    0.6832951612903228,
    0.6833532450076806,
    0.6840872887864824,
    0.687742108294931,
    0.6856796466973888,
    0.6842733678955455,
    0.6854333141321045,
    0.6852337749615975,
    0.6920238479262674,
    0.6855172043010753,
    0.6847550883256529,
    0.6831623847926268,
    0.6850870583717359,
    0.6844452188940093,
    0.6885043586789555,
    0.6852942204301076,
    0.6865421274961598,
    0.6883861943164364
  ],
  "avg": [
    0.3577653348694318,
    0.4904904331797236,
    0.554620382296467,
    0.5329318444700462,
    0.5716915266897082,
    0.6187241705069125,
    0.5832690875576039,
    0.618191280529954,
    0.575352130952381,
    0.6139438264208911,
    0.6293042622887866,
    0.607739749231951,
    0.6179218202764978,
    0.6502244796466975,
    0.5909182553763441,
    0.5927528394777268,
    0.6135349416282643,
    0.5850422296466974,
    0.6196251186635946,
    0.6230774640937021
  ],
  "var": [
    0.08175699563555396,
    0.05045337146153359,
    0.03306657480201178,
    0.06373899308416854,
    0.05558557736166777,
    0.03253928660470046,
    0.06330330206701695,
    0.03862832892507996,
    0.06831846663882161,
    0.045733689818578574,
    0.033180417111373636,
    0.04613302610289196,
    0.039862869791910435,
    0.014324607388853758,
    0.056452509151894883,
    0.056897717625737865,
    0.04508838803096131,
    0.061863327692362524,
    0.039252605592088215,
    0.03258574208502723
  ]
}