{
  "best": [
    0.680330549155146,
    0.6752870007680493,
    0.6770793586789555,
    0.6800764784946238,
    0.6825774385560677,
    0.6806009408602152,
    0.6812401881720431,
    0.6767493471582182,
    0.6801581029185869,
    0.6813108870967742,
    0.6790733294930876,
    0.6804250768049155,
    0.6805044162826421,
    0.6852214093701998,
    0.6790656105990784,
    0.6807888824884794,
    0.6815216013824886,
    0.6787375576036868,
    0.6794593125960062,
    0.6793063940092167
  ],
  "avg": [
    0.34540245410906306,
    0.45995200844854073,
    0.47925274711981575,
    0.527195188172043,
    0.6021868851766514,
    0.5862841311443933,
    0.5968442695852536,
    0.5777660094086022,
    0.5828781628264211,
    0.5603944811827959,
    0.6113597885944702,
    0.6170848248847927,
    0.6277438652073734,
    0.5921215921658988,
    0.5707801447772659,
    0.5664052845622121,
    0.5924426610983103,
    0.5457012115975423,
    0.5667512732334871,
    0.562053307795699
  ],
  "var": [
    0.08974092402752738,
    0.04748021943125573,
    0.0667736356670236,
    0.050585389215262386,
    0.02175530440365732,
    0.049023813375080626,
    0.04828711731578468,
    0.0619087398867459,
    0.06299289015171144,
    0.08041830227523261,
    0.042804760125857835,
    0.03570232572143789,
    0.029353378776914022,
    0.05628303423239002,
    0.06800125358182912,
    0.07398595286436906,
    0.05618852992991645,
    0.08460077829947094,
    0.07478164673366383,
    0.07449626913102567
  ]
}