{
  "best": [
    0.6749111751152075,
    0.6743527457757298,
    0.6775797427035332,
    0.6798713709677421,
    0.6762337557603687,
    0.6811606374807989,
    0.6779118279569892,
    0.6765292050691246,
    0.6765327188940093,
    0.6783134408602152,
    0.6803899385560677,
    0.6811982718894011,
    0.6815649577572965,
    0.6774656298003073,
    0.6794247695852536,
    0.6783500192012291,
    0.6794684523809525,
    0.6779690284178188,
    0.6796221582181261,
    0.6759888824884794
  ],
  "avg": [
    0.3266415090245777,
    0.5031018636712751,
    0.5687854107142859,
    0.5676917784178188,
    0.5778694199308757,
    0.5762663387096775,
    0.6076969694700461,
    0.6128271380568358,
    0.5727967523041475,
    0.6114443942012289,
    0.58423211827957,
    0.5918637976190478,
    0.5866867914746545,
    0.6251746250000001,
    0.6187179498847928,
    0.5728516034946237,
    0.6020356211597542,
    0.6092101228878649,
    0.5380733801843319,
    0.5993004055299541
  ],
  "var": [
    0.10363574628005479,
    0.050723240005266394,
    0.0351506106921108,
    0.04915866416811851,
    0.0600383221656414,
    0.06636677227062733,
    0.04241565245391793,
    0.035696198008286384,
    0.06680113620925822,
    0.041870199980052904,
    0.06019027166218879,
    0.054640076876482126,
    0.0604209903235634,
    0.028391374197061673,
    0.035200160261066954,
    0.06599410880628172,
    0.04948263692084859,
    0.04170762744469807,
    0.08780017724101478,
    0.04812353335728477
  ]
}